Age,DistanceFromHome,MonthlyIncome,NumCompaniesWorked,PercentSalaryHike,YearsAtCompany,YearsInCurrentRole,YearsWithCurrManager,BusinessTravel,Department,EducationField,JobRole,MaritalStatus,OverTime,Gender,JobLevel,Attrition
37.0,2.0,4382,6,17,2,2,1,Travel_Rarely,Research & Development,Medical,Research Scientist,Single,False,Male,1,True
40.0,4.0,10855,7,11,12,11,11,Travel_Rarely,Sales,Marketing,Sales Executive,Married,False,Male,3,False
27.0,2.0,5071,3,20,6,2,0,Travel_Frequently,Sales,Life Sciences,Sales Executive,Single,False,Male,2,False
40.0,1.0,2406,8,19,1,0,0,Travel_Rarely,Research & Development,Life Sciences,Laboratory Technician,Married,False,Male,1,False
33.0,25.0,2313,4,20,2,2,2,Travel_Rarely,Research & Development,Medical,Research Scientist,Single,True,Male,1,True
37.0,1.0,10609,5,11,14,1,7,Travel_Rarely,Sales,Life Sciences,Sales Executive,Married,False,Male,3,True
34.0,8.0,6029,5,12,2,2,2,Travel_Rarely,Sales,Life Sciences,Sales Executive,Single,False,Female,2,False
38.0,14.0,9924,0,11,9,8,7,Travel_Rarely,Sales,Life Sciences,Sales Executive,Married,False,Male,2,False
30.0,6.0,4627,0,12,9,2,7,Travel_Rarely,Research & Development,Technical Degree,Laboratory Technician,Married,False,Female,2,False
34.0,8.0,5433,1,12,11,8,9,Travel_Rarely,Research & Development,Life Sciences,Research Scientist,Divorced,False,Female,2,False
24.0,8.0,4999,0,21,3,2,2,Travel_Rarely,Sales,Other,Sales Executive,Married,False,Female,2,False
32.0,2.0,5470,0,13,9,5,6,Travel_Rarely,Research & Development,Medical,Research Scientist,Divorced,False,Male,2,False
37.0,2.0,2561,7,11,0,0,0,Travel_Frequently,Research & Development,Medical,Laboratory Technician,Single,False,Male,1,True
37.0,8.0,2366,1,14,8,7,7,Travel_Frequently,Research & Development,Medical,Research Scientist,Married,True,Female,1,True
23.0,6.0,1601,1,21,0,0,0,Travel_Rarely,Research & Development,Life Sciences,Laboratory Technician,Married,True,Male,1,True
37.0,27.0,2559,1,11,6,5,1,Travel_Rarely,Research & Development,Medical,Research Scientist,Single,False,Female,1,False
37.0,1.0,4717,9,11,11,9,9,Travel_Rarely,Sales,Marketing,Sales Executive,Married,False,Male,2,False
20.0,10.0,1009,1,11,1,0,1,Travel_Rarely,Research & Development,Medical,Research Scientist,Single,True,Male,1,True
37.0,26.0,4724,1,11,5,3,4,Travel_Rarely,Sales,Life Sciences,Sales Executive,Married,False,Male,2,False
29.0,15.0,2168,0,18,5,4,3,Travel_Rarely,Research & Development,Life Sciences,Research Scientist,Married,True,Female,1,False
40.0,26.0,4422,3,13,1,1,0,Travel_Frequently,Research & Development,Medical,Research Scientist,Married,True,Female,2,False
29.0,6.0,3131,1,13,10,8,8,Travel_Rarely,Research & Development,Medical,Laboratory Technician,Married,False,Female,1,False
46.0,8.0,13225,2,12,19,17,8,Travel_Rarely,Sales,Technical Degree,Sales Executive,Divorced,False,Female,4,False
44.0,1.0,2342,1,12,5,3,3,Travel_Frequently,Research & Development,Medical,Research Scientist,Divorced,True,Male,1,True
32.0,24.0,5309,1,15,10,8,7,Travel_Frequently,Research & Development,Life Sciences,Laboratory Technician,Married,False,Male,2,False
38.0,1.0,2619,3,17,0,0,0,Travel_Rarely,Research & Development,Life Sciences,Research Scientist,Single,False,Female,1,False
37.0,1.0,4859,1,16,5,4,3,Travel_Rarely,Sales,Medical,Sales Executive,Single,False,Female,2,False
37.0,1.0,9525,1,14,6,3,3,Travel_Frequently,Sales,Medical,Sales Executive,Divorced,False,Male,2,False
39.0,2.0,7880,0,18,8,7,7,Travel_Rarely,Sales,Life Sciences,Sales Executive,Single,False,Male,3,False
54.0,2.0,10686,6,11,9,4,0,Travel_Rarely,Sales,Life Sciences,Sales Executive,Married,False,Female,3,False
31.0,6.0,6172,4,18,7,7,7,Travel_Rarely,Sales,Life Sciences,Sales Executive,Married,True,Male,2,True
46.0,1.0,10453,1,25,24,13,7,Travel_Rarely,Sales,Marketing,Sales Executive,Divorced,False,Female,3,False
38.0,1.0,4440,0,15,15,13,8,Travel_Rarely,Sales,Life Sciences,Sales Executive,Married,False,Male,2,False
43.0,2.0,7847,1,17,10,9,8,Travel_Rarely,Sales,Medical,Sales Executive,Married,True,Male,2,False
37.0,9.0,2326,1,12,4,2,2,Travel_Frequently,Research & Development,Medical,Research Scientist,Married,True,Male,1,False
39.0,8.0,5238,4,18,1,0,0,Travel_Rarely,Sales,Medical,Sales Executive,Married,True,Female,2,True
42.0,14.0,6244,7,17,5,4,3,Travel_Rarely,Sales,Medical,Sales Executive,Single,False,Female,2,False
31.0,4.0,3978,8,12,2,2,2,Travel_Rarely,Research & Development,Medical,Laboratory Technician,Divorced,False,Female,1,False
39.0,6.0,2404,7,21,2,2,2,Travel_Rarely,Research & Development,Medical,Laboratory Technician,Married,True,Male,1,True
37.0,9.0,5098,1,19,10,7,8,Travel_Rarely,Research & Development,Medical,Research Scientist,Single,False,Male,2,False
31.0,8.0,4084,1,12,7,2,7,Travel_Frequently,Research & Development,Life Sciences,Research Scientist,Single,False,Female,1,True
34.0,13.0,8628,1,18,8,7,1,Travel_Rarely,Sales,Medical,Sales Executive,Divorced,False,Male,3,False
27.0,8.0,4342,0,19,4,2,1,Travel_Frequently,Sales,Marketing,Sales Executive,Married,False,Male,2,False
34.0,1.0,7083,1,14,10,9,6,Travel_Rarely,Sales,Technical Degree,Sales Executive,Married,True,Male,3,False
31.0,8.0,10793,1,18,13,7,9,Travel_Rarely,Sales,Life Sciences,Sales Executive,Divorced,False,Male,3,False
41.0,1.0,2782,3,22,5,3,0,Travel_Rarely,Research & Development,Life Sciences,Research Scientist,Married,False,Male,1,False
31.0,1.0,5003,1,21,10,8,7,Travel_Frequently,Research & Development,Life Sciences,Research Scientist,Married,False,Male,2,False
33.0,10.0,4682,3,14,7,7,1,Travel_Frequently,Sales,Marketing,Sales Executive,Single,False,Male,2,False
27.0,8.0,2478,1,12,4,3,2,Travel_Rarely,Research & Development,Life Sciences,Research Scientist,Single,True,Female,1,False
36.0,23.0,2571,4,17,5,2,3,Travel_Frequently,Research & Development,Medical,Laboratory Technician,Married,False,Male,2,False
33.0,21.0,2028,1,18,14,11,13,Travel_Rarely,Research & Development,Medical,Laboratory Technician,Married,False,Male,1,False
31.0,26.0,2911,1,17,5,2,3,Travel_Rarely,Research & Development,Life Sciences,Research Scientist,Divorced,False,Male,1,False
19.0,1.0,2325,0,21,0,0,0,Travel_Frequently,Sales,Technical Degree,Sales Representative,Single,False,Female,1,True
32.0,7.0,2794,1,20,5,1,3,Travel_Frequently,Research & Development,Life Sciences,Laboratory Technician,Married,False,Male,1,False
37.0,28.0,8639,2,18,2,2,2,Travel_Rarely,Sales,Life Sciences,Sales Executive,Married,False,Male,2,False
29.0,1.0,2319,1,11,1,0,0,Travel_Rarely,Research & Development,Life Sciences,Laboratory Technician,Married,True,Female,1,True
29.0,28.0,2514,4,22,7,5,7,Travel_Rarely,Research & Development,Life Sciences,Research Scientist,Divorced,False,Female,1,False
22.0,8.0,2398,1,17,1,0,0,Travel_Rarely,Research & Development,Medical,Laboratory Technician,Married,True,Female,1,True
42.0,29.0,4556,2,11,5,4,2,Travel_Frequently,Research & Development,Life Sciences,Research Scientist,Divorced,False,Female,2,False
37.0,7.0,5204,1,11,10,8,9,Travel_Rarely,Sales,Life Sciences,Sales Executive,Married,True,Female,2,False
40.0,2.0,5677,3,14,11,8,10,Travel_Rarely,Sales,Marketing,Sales Executive,Married,False,Female,2,False
33.0,10.0,8380,0,14,9,8,8,Travel_Rarely,Sales,Marketing,Sales Executive,Divorced,True,Male,3,False
34.0,9.0,5714,1,20,6,5,3,Travel_Rarely,Sales,Life Sciences,Sales Executive,Married,False,Female,2,False
34.0,1.0,2691,1,12,10,9,8,Travel_Rarely,Research & Development,Life Sciences,Research Scientist,Married,False,Male,1,False
33.0,8.0,2909,1,11,8,7,0,Travel_Frequently,Research & Development,Life Sciences,Research Scientist,Married,True,Female,1,False
31.0,7.0,7547,4,12,7,7,7,Travel_Rarely,Sales,Marketing,Sales Executive,Divorced,False,Male,2,False
32.0,2.0,3068,0,13,7,7,6,Travel_Frequently,Research & Development,Life Sciences,Laboratory Technician,Single,False,Male,1,False
37.0,1.0,2080,2,11,3,2,2,Travel_Rarely,Research & Development,Technical Degree,Research Scientist,Single,False,Male,1,False
37.0,2.0,3904,0,12,4,3,1,Travel_Rarely,Research & Development,Medical,Research Scientist,Single,False,Male,1,False
30.0,22.0,2132,4,11,5,2,1,Travel_Rarely,Research & Development,Life Sciences,Research Scientist,Married,True,Female,1,True
33.0,1.0,5376,2,19,5,3,3,Travel_Frequently,Sales,Life Sciences,Sales Executive,Married,False,Female,2,False
41.0,19.0,3072,2,16,1,0,0,Travel_Rarely,Research & Development,Life Sciences,Research Scientist,Divorced,False,Male,2,False
30.0,16.0,5301,8,15,2,1,2,Travel_Rarely,Sales,Life Sciences,Sales Executive,Married,False,Male,2,False
30.0,1.0,3833,3,21,2,2,2,Travel_Rarely,Research & Development,Life Sciences,Laboratory Technician,Married,False,Male,1,False
34.0,1.0,9725,0,11,15,1,9,Travel_Rarely,Sales,Marketing,Sales Executive,Divorced,False,Male,2,False
37.0,6.0,2544,0,18,7,7,7,Travel_Frequently,Research & Development,Other,Laboratory Technician,Married,False,Male,1,False
51.0,14.0,4936,4,11,7,7,7,Travel_Rarely,Sales,Life Sciences,Sales Executive,Married,False,Female,2,False
32.0,8.0,5228,1,11,13,12,9,Travel_Rarely,Sales,Technical Degree,Sales Executive,Married,True,Female,2,False
56.0,9.0,2942,2,19,5,4,3,Travel_Frequently,Research & Development,Medical,Research Scientist,Married,False,Female,1,False
57.0,1.0,4900,0,24,12,9,8,Travel_Rarely,Research & Development,Life Sciences,Research Scientist,Married,False,Male,2,False
40.0,2.0,2342,0,20,4,2,3,Travel_Rarely,Research & Development,Medical,Research Scientist,Single,True,Female,1,False
23.0,9.0,1790,1,19,1,0,0,Travel_Frequently,Sales,Marketing,Sales Representative,Married,False,Male,1,True
38.0,2.0,2440,1,22,4,3,3,Travel_Frequently,Research & Development,Medical,Laboratory Technician,Single,False,Female,1,False
29.0,1.0,7918,1,14,11,10,1,Travel_Frequently,Sales,Medical,Sales Executive,Married,False,Female,3,False
32.0,7.0,4883,1,18,10,4,1,Travel_Rarely,Research & Development,Life Sciences,Laboratory Technician,Married,False,Male,2,True
37.0,18.0,5208,1,11,16,15,10,Travel_Rarely,Research & Development,Life Sciences,Research Scientist,Married,False,Male,2,False
49.0,28.0,4284,3,20,4,3,3,Travel_Frequently,Research & Development,Life Sciences,Laboratory Technician,Single,False,Male,2,True
34.0,2.0,4381,1,11,6,5,3,Travel_Rarely,Research & Development,Medical,Research Scientist,Single,False,Female,1,False
51.0,2.0,10596,2,11,4,2,2,Travel_Frequently,Sales,Marketing,Sales Executive,Married,False,Male,3,False
37.0,6.0,3506,0,14,3,2,2,Travel_Rarely,Research & Development,Life Sciences,Research Scientist,Married,True,Male,1,False
60.0,16.0,5405,8,14,2,2,2,Travel_Rarely,Sales,Marketing,Sales Executive,Single,False,Male,2,False
50.0,1.0,6728,7,12,6,3,1,Travel_Frequently,Sales,Life Sciences,Sales Executive,Divorced,False,Male,2,True
45.0,28.0,2132,4,20,5,4,3,Travel_Rarely,Research & Development,Technical Degree,Research Scientist,Married,False,Male,1,False
42.0,12.0,2766,8,22,5,3,4,Travel_Rarely,Research & Development,Medical,Laboratory Technician,Divorced,False,Male,1,False
37.0,8.0,4194,1,18,5,3,3,Travel_Rarely,Sales,Other,Sales Executive,Married,True,Male,2,False
37.0,6.0,6502,4,14,5,4,1,Travel_Rarely,Sales,Medical,Sales Executive,Married,False,Male,2,False
41.0,22.0,5467,3,14,6,2,3,Travel_Frequently,Research & Development,Life Sciences,Research Scientist,Divorced,True,Female,2,False
32.0,13.0,4403,2,11,5,2,3,Travel_Rarely,Sales,Life Sciences,Sales Executive,Divorced,False,Male,2,False
37.0,2.0,2090,6,15,0,0,0,Travel_Rarely,Research & Development,Other,Laboratory Technician,Single,True,Male,1,True
59.0,8.0,2670,4,20,1,0,0,Travel_Rarely,Research & Development,Medical,Laboratory Technician,Married,True,Female,1,False
45.0,7.0,5210,1,18,24,9,11,Travel_Frequently,Research & Development,Life Sciences,Laboratory Technician,Divorced,False,Male,3,False
37.0,25.0,2022,1,19,10,2,8,Travel_Frequently,Research & Development,Life Sciences,Research Scientist,Divorced,True,Female,1,True
36.0,8.0,3692,1,12,11,10,7,Travel_Frequently,Research & Development,Technical Degree,Research Scientist,Married,False,Male,1,False
41.0,8.0,8938,2,11,5,4,4,Travel_Rarely,Sales,Life Sciences,Sales Executive,Divorced,False,Male,2,False
42.0,7.0,2372,6,16,1,0,0,Travel_Rarely,Research & Development,Medical,Research Scientist,Married,True,Female,2,False
42.0,8.0,6825,0,11,9,7,2,Travel_Rarely,Sales,Marketing,Sales Executive,Married,False,Male,2,False
33.0,9.0,8224,0,17,5,2,3,Travel_Rarely,Sales,Marketing,Sales Executive,Single,True,Female,2,True
37.0,4.0,4256,1,12,5,2,3,Travel_Rarely,Sales,Marketing,Sales Executive,Married,False,Male,2,False
38.0,10.0,2684,0,17,2,1,2,Travel_Frequently,Research & Development,Medical,Research Scientist,Married,False,Male,1,False
53.0,7.0,10934,7,18,5,2,4,Travel_Rarely,Sales,Marketing,Sales Executive,Married,True,Female,3,False
42.0,2.0,2593,0,11,9,6,8,Travel_Rarely,Research & Development,Medical,Laboratory Technician,Divorced,True,Female,1,False
29.0,8.0,2119,1,11,7,7,7,Travel_Rarely,Research & Development,Other,Laboratory Technician,Married,True,Male,1,True
37.0,19.0,3022,4,21,1,0,0,Travel_Rarely,Research & Development,Life Sciences,Research Scientist,Married,False,Male,1,False
30.0,23.0,2613,1,25,10,7,9,Travel_Frequently,Research & Development,Life Sciences,Research Scientist,Divorced,False,Male,1,False
31.0,1.0,2501,1,17,1,1,0,Travel_Rarely,Research & Development,Medical,Research Scientist,Single,False,Male,1,False
47.0,9.0,2105,4,12,2,2,0,Travel_Rarely,Research & Development,Life Sciences,Laboratory Technician,Single,False,Female,1,False
58.0,23.0,2372,1,12,2,2,2,Travel_Rarely,Research & Development,Life Sciences,Research Scientist,Divorced,False,Male,1,False
29.0,28.0,3785,1,14,5,4,4,Travel_Rarely,Research & Development,Medical,Research Scientist,Single,False,Female,1,False
50.0,28.0,3221,1,11,20,8,8,Travel_Rarely,Research & Development,Medical,Laboratory Technician,Married,True,Male,1,False
32.0,29.0,2837,1,13,6,2,1,Travel_Rarely,Research & Development,Life Sciences,Laboratory Technician,Single,False,Female,1,False
37.0,2.0,2042,6,14,3,2,2,Travel_Frequently,Research & Development,Life Sciences,Research Scientist,Married,True,Male,1,True
40.0,8.0,10475,5,21,18,13,12,Travel_Frequently,Sales,Life Sciences,Sales Executive,Married,True,Male,3,False
45.0,2.0,2274,1,14,1,0,0,Travel_Rarely,Research & Development,Life Sciences,Research Scientist,Single,False,Female,1,False
34.0,2.0,2932,0,14,5,0,2,Travel_Rarely,Research & Development,Medical,Research Scientist,Married,True,Male,1,False
19.0,25.0,2994,1,12,1,0,1,Travel_Rarely,Research & Development,Life Sciences,Research Scientist,Single,True,Female,1,False
30.0,4.0,5209,1,12,11,8,7,Travel_Rarely,Sales,Medical,Sales Executive,Divorced,True,Female,2,False
48.0,20.0,2259,4,17,0,0,0,Travel_Rarely,Research & Development,Medical,Research Scientist,Married,False,Male,1,False
36.0,8.0,9699,4,11,13,9,12,Travel_Frequently,Sales,Medical,Sales Executive,Married,False,Male,3,False
29.0,1.0,2720,1,18,10,7,8,Travel_Frequently,Research & Development,Life Sciences,Research Scientist,Divorced,False,Male,1,False
46.0,8.0,4615,8,23,16,13,7,Travel_Rarely,Research & Development,Life Sciences,Research Scientist,Divorced,True,Female,2,False
37.0,25.0,2293,1,12,1,0,1,Travel_Rarely,Research & Development,Life Sciences,Laboratory Technician,Single,False,Male,1,True
31.0,2.0,5332,7,13,5,2,3,Travel_Frequently,Sales,Other,Sales Executive,Single,False,Male,2,False
44.0,1.0,5454,5,21,4,3,3,Travel_Rarely,Sales,Marketing,Sales Executive,Divorced,True,Female,2,False
30.0,27.0,5304,7,23,8,7,7,Travel_Rarely,Sales,Marketing,Sales Executive,Divorced,False,Male,2,False
31.0,1.0,2302,1,11,3,2,2,Travel_Frequently,Sales,Life Sciences,Sales Representative,Single,True,Female,1,True
27.0,17.0,2394,1,13,8,2,7,Travel_Rarely,Research & Development,Life Sciences,Research Scientist,Single,True,Female,1,True
37.0,2.0,3201,0,17,5,3,4,Travel_Rarely,Research & Development,Life Sciences,Research Scientist,Married,False,Male,1,False
50.0,1.0,3690,2,15,3,2,2,Travel_Rarely,Research & Development,Medical,Laboratory Technician,Married,False,Male,1,False
39.0,4.0,5902,4,14,15,11,9,Travel_Rarely,Sales,Life Sciences,Sales Executive,Married,False,Female,2,False
30.0,1.0,5126,1,12,10,8,0,Travel_Rarely,Research & Development,Life Sciences,Laboratory Technician,Married,True,Male,2,False
29.0,8.0,4187,1,13,10,0,9,Travel_Rarely,Sales,Medical,Sales Executive,Divorced,True,Male,2,False
29.0,10.0,2404,6,20,0,0,0,Travel_Rarely,Research & Development,Life Sciences,Research Scientist,Single,True,Female,1,True
30.0,12.0,2033,1,18,1,0,0,Travel_Frequently,Sales,Life Sciences,Sales Representative,Married,False,Male,1,True
37.0,1.0,3920,2,14,3,1,2,Travel_Rarely,Research & Development,Medical,Research Scientist,Married,False,Female,1,False
29.0,4.0,2109,1,13,1,0,0,Travel_Rarely,Research & Development,Technical Degree,Research Scientist,Divorced,False,Female,1,False
45.0,8.0,3697,9,14,10,9,8,Travel_Rarely,Research & Development,Other,Research Scientist,Married,False,Male,2,False
20.0,6.0,2926,1,18,1,0,0,Travel_Frequently,Research & Development,Life Sciences,Laboratory Technician,Single,True,Female,1,True
42.0,4.0,5155,7,13,6,4,5,Travel_Rarely,Sales,Marketing,Sales Executive,Single,False,Male,2,False
36.0,11.0,6652,4,13,6,3,0,Travel_Rarely,Sales,Marketing,Sales Executive,Married,False,Female,2,False
32.0,1.0,6735,6,15,0,0,0,Travel_Rarely,Sales,Life Sciences,Sales Executive,Single,False,Male,2,True
42.0,1.0,2576,3,16,5,2,2,Travel_Rarely,Research & Development,Life Sciences,Laboratory Technician,Divorced,False,Female,1,False
36.0,11.0,9738,0,14,9,7,8,Travel_Frequently,Sales,Technical Degree,Sales Executive,Married,False,Female,3,False
38.0,1.0,4735,7,15,13,11,9,Travel_Frequently,Research & Development,Life Sciences,Research Scientist,Married,False,Male,2,False
33.0,1.0,2799,3,11,3,2,2,Travel_Rarely,Research & Development,Other,Research Scientist,Single,True,Male,1,False
27.0,2.0,6500,0,14,8,7,7,Travel_Rarely,Sales,Medical,Sales Executive,Single,False,Female,2,False
34.0,24.0,4599,0,23,15,9,10,Travel_Rarely,Sales,Medical,Sales Executive,Single,True,Female,2,True
29.0,2.0,2703,0,23,5,4,4,Travel_Rarely,Research & Development,Life Sciences,Research Scientist,Married,False,Male,1,False
32.0,6.0,5010,1,16,11,8,7,Travel_Rarely,Sales,Medical,Sales Executive,Single,False,Male,2,False
43.0,9.0,5346,8,13,4,3,3,Travel_Rarely,Sales,Marketing,Sales Executive,Single,False,Female,2,True
38.0,16.0,4198,2,12,3,2,2,Travel_Rarely,Sales,Life Sciences,Sales Executive,Single,False,Female,2,False
37.0,7.0,3578,0,12,7,7,7,Travel_Rarely,Research & Development,Other,Laboratory Technician,Single,False,Male,1,False
38.0,7.0,2610,1,11,4,2,3,Travel_Frequently,Research & Development,Life Sciences,Research Scientist,Divorced,False,Male,1,False
55.0,1.0,10239,3,14,1,0,0,Travel_Rarely,Sales,Life Sciences,Sales Executive,Married,False,Male,3,False
18.0,8.0,1878,1,14,0,0,0,Travel_Frequently,Sales,Marketing,Sales Representative,Single,True,Male,1,True
33.0,10.0,3408,7,13,4,3,3,Travel_Rarely,Research & Development,Medical,Laboratory Technician,Divorced,False,Male,1,True
31.0,11.0,2356,3,19,6,4,2,Travel_Rarely,Research & Development,Life Sciences,Research Scientist,Married,True,Male,1,False
27.0,2.0,2580,2,13,4,2,2,Travel_Frequently,Research & Development,Medical,Research Scientist,Single,False,Male,1,False
37.0,17.0,4558,1,12,10,0,8,Travel_Rarely,Research & Development,Medical,Laboratory Technician,Divorced,False,Male,2,False
23.0,1.0,1223,1,22,1,0,1,Travel_Rarely,Research & Development,Life Sciences,Research Scientist,Married,False,Male,1,False
52.0,8.0,2950,9,13,5,4,4,Travel_Rarely,Research & Development,Other,Laboratory Technician,Married,False,Female,1,False
29.0,1.0,3760,1,15,3,2,2,Travel_Rarely,Research & Development,Life Sciences,Research Scientist,Divorced,False,Female,1,False
42.0,1.0,4907,1,25,20,16,6,Travel_Rarely,Sales,Life Sciences,Sales Executive,Married,False,Male,2,False
34.0,8.0,4404,2,12,4,3,2,Travel_Rarely,Research & Development,Medical,Laboratory Technician,Married,False,Male,2,False
38.0,8.0,10609,0,12,16,10,13,Travel_Rarely,Sales,Life Sciences,Sales Executive,Divorced,False,Male,3,False
30.0,8.0,3204,5,14,3,2,2,Travel_Rarely,Research & Development,Technical Degree,Research Scientist,Divorced,False,Female,1,False
56.0,11.0,5380,4,16,0,0,0,Travel_Rarely,Sales,Marketing,Sales Executive,Married,False,Female,2,False
27.0,1.0,3816,1,11,5,2,4,Travel_Rarely,Research & Development,Medical,Laboratory Technician,Divorced,False,Male,1,False
36.0,8.0,2835,5,22,1,0,0,Travel_Rarely,Research & Development,Life Sciences,Laboratory Technician,Divorced,False,Female,1,False
40.0,2.0,3377,4,17,4,3,2,Travel_Rarely,Research & Development,Life Sciences,Laboratory Technician,Married,False,Female,1,False
39.0,8.0,3755,1,11,8,3,7,Travel_Frequently,Research & Development,Life Sciences,Laboratory Technician,Married,False,Female,1,False
43.0,17.0,2437,9,16,1,0,0,Travel_Frequently,Research & Development,Technical Degree,Research Scientist,Married,True,Male,1,True
33.0,7.0,4302,0,17,3,2,2,Travel_Frequently,Sales,Life Sciences,Sales Executive,Married,False,Female,2,False
37.0,29.0,4306,5,12,0,0,0,Travel_Rarely,Sales,Medical,Sales Executive,Divorced,False,Male,2,False
56.0,24.0,2587,1,16,4,2,0,Travel_Rarely,Research & Development,Life Sciences,Laboratory Technician,Single,False,Male,1,True
32.0,9.0,4668,0,17,8,7,7,Travel_Frequently,Sales,Medical,Sales Executive,Divorced,False,Male,2,False
30.0,8.0,2083,1,20,1,0,0,Travel_Frequently,Research & Development,Medical,Research Scientist,Divorced,False,Female,1,False
30.0,1.0,9714,1,11,10,8,7,Travel_Rarely,Sales,Life Sciences,Sales Executive,Married,False,Male,2,True
20.0,11.0,2600,1,15,1,0,0,Travel_Rarely,Research & Development,Medical,Research Scientist,Single,True,Female,1,True
19.0,2.0,1102,1,22,1,0,0,Travel_Rarely,Research & Development,Life Sciences,Laboratory Technician,Single,False,Male,1,True
29.0,20.0,2157,1,15,3,1,2,Travel_Frequently,Sales,Technical Degree,Sales Representative,Married,False,Female,1,False
42.0,8.0,3968,4,13,0,0,0,Travel_Rarely,Research & Development,Life Sciences,Laboratory Technician,Single,False,Male,1,False
36.0,10.0,5673,1,13,10,9,7,Travel_Rarely,Sales,Technical Degree,Sales Executive,Married,True,Female,2,False
42.0,12.0,13758,0,12,21,9,14,Travel_Frequently,Sales,Life Sciences,Sales Executive,Single,True,Male,4,True
39.0,24.0,12031,0,11,20,9,6,Travel_Rarely,Sales,Marketing,Sales Executive,Married,False,Female,4,False
30.0,24.0,2693,1,22,1,0,0,Travel_Rarely,Research & Development,Life Sciences,Laboratory Technician,Divorced,False,Male,1,False
36.0,4.0,5810,1,16,10,4,8,Travel_Rarely,Research & Development,Life Sciences,Laboratory Technician,Single,False,Male,2,False
41.0,2.0,2778,4,13,7,7,0,Travel_Rarely,Research & Development,Life Sciences,Laboratory Technician,Divorced,True,Female,1,True
21.0,1.0,2174,1,11,3,2,2,Travel_Frequently,Sales,Technical Degree,Sales Representative,Single,True,Female,1,True
41.0,7.0,3376,1,13,10,6,8,Travel_Rarely,Research & Development,Technical Degree,Research Scientist,Married,False,Female,1,False
37.0,1.0,2450,1,19,3,0,2,Travel_Rarely,Research & Development,Medical,Laboratory Technician,Single,False,Male,1,False
51.0,1.0,2723,1,11,1,0,0,Travel_Rarely,Research & Development,Life Sciences,Research Scientist,Married,False,Male,1,False
34.0,22.0,5747,1,15,15,10,11,Travel_Frequently,Research & Development,Other,Research Scientist,Married,True,Male,2,False
40.0,9.0,2018,3,14,5,4,0,Travel_Rarely,Research & Development,Life Sciences,Laboratory Technician,Single,False,Male,1,True
38.0,8.0,4317,3,20,3,2,2,Travel_Rarely,Research & Development,Technical Degree,Research Scientist,Single,True,Female,2,False
24.0,8.0,4577,9,14,2,2,0,Travel_Rarely,Sales,Life Sciences,Sales Executive,Single,False,Female,2,True
39.0,6.0,8237,2,11,7,6,6,Travel_Rarely,Sales,Medical,Sales Executive,Married,False,Male,3,False
40.0,1.0,2387,3,22,4,2,3,Travel_Rarely,Research & Development,Life Sciences,Laboratory Technician,Married,False,Male,1,False
40.0,2.0,2001,2,14,5,3,2,Travel_Rarely,Research & Development,Medical,Research Scientist,Married,False,Female,1,False
37.0,4.0,2793,4,17,9,8,8,Travel_Frequently,Sales,Marketing,Sales Representative,Divorced,False,Male,1,False
37.0,1.0,8789,1,14,10,7,8,Travel_Frequently,Sales,Marketing,Sales Executive,Single,False,Female,3,False
31.0,7.0,9637,2,14,3,2,2,Travel_Frequently,Sales,Marketing,Sales Executive,Married,False,Female,3,False
38.0,6.0,3702,1,11,5,4,4,Travel_Rarely,Research & Development,Other,Laboratory Technician,Married,False,Female,1,False
27.0,20.0,9981,1,14,7,7,7,Travel_Frequently,Sales,Life Sciences,Sales Executive,Single,False,Female,2,False
41.0,9.0,2238,2,21,5,0,4,Travel_Rarely,Research & Development,Life Sciences,Laboratory Technician,Married,False,Male,1,False
30.0,29.0,4115,8,19,4,3,3,Travel_Rarely,Sales,Life Sciences,Sales Executive,Divorced,False,Male,2,False
30.0,7.0,3491,1,13,10,7,9,Travel_Rarely,Research & Development,Life Sciences,Laboratory Technician,Divorced,False,Male,2,False
34.0,10.0,2008,1,14,1,0,0,Travel_Rarely,Research & Development,Life Sciences,Laboratory Technician,Divorced,False,Male,1,False
40.0,14.0,4639,1,15,5,4,2,Travel_Rarely,Sales,Life Sciences,Sales Executive,Married,False,Female,2,False
41.0,9.0,8189,3,13,9,7,7,Travel_Rarely,Sales,Life Sciences,Sales Executive,Divorced,True,Male,3,False
29.0,10.0,3291,0,14,7,5,1,Travel_Frequently,Research & Development,Life Sciences,Research Scientist,Divorced,False,Female,1,False
37.0,4.0,2996,7,15,6,4,3,Travel_Rarely,Research & Development,Life Sciences,Research Scientist,Married,True,Male,1,False
29.0,8.0,5561,1,14,6,0,2,Travel_Rarely,Sales,Medical,Sales Executive,Married,False,Female,2,False
45.0,26.0,4286,2,14,1,1,0,Travel_Frequently,Sales,Life Sciences,Sales Executive,Married,False,Female,2,True
37.0,18.0,6232,2,11,3,2,2,Travel_Rarely,Sales,Life Sciences,Sales Executive,Married,False,Male,2,False
47.0,4.0,2976,3,19,0,0,0,Travel_Frequently,Sales,Medical,Sales Representative,Single,False,Male,2,False
37.0,14.0,3034,1,12,18,7,17,Travel_Rarely,Research & Development,Life Sciences,Laboratory Technician,Divorced,False,Female,1,False
41.0,1.0,5993,8,11,6,4,5,Travel_Rarely,Sales,Life Sciences,Sales Executive,Single,True,Female,2,True
37.0,28.0,6272,1,20,5,3,4,Travel_Rarely,Sales,Marketing,Sales Executive,Married,False,Male,2,False
33.0,16.0,8564,2,20,0,0,0,Travel_Rarely,Sales,Life Sciences,Sales Executive,Single,True,Female,3,True
37.0,23.0,4014,3,15,2,2,2,Travel_Rarely,Research & Development,Medical,Laboratory Technician,Married,True,Female,1,False
37.0,27.0,5813,1,18,10,7,7,Travel_Rarely,Sales,Life Sciences,Sales Executive,Single,True,Male,2,True
36.0,8.0,2088,4,12,8,7,2,Travel_Frequently,Research & Development,Medical,Laboratory Technician,Single,False,Male,1,False
31.0,2.0,6582,4,13,6,5,5,Travel_Rarely,Sales,Life Sciences,Sales Executive,Single,True,Male,2,False
37.0,6.0,2368,1,19,5,4,3,Travel_Rarely,Research & Development,Other,Research Scientist,Married,False,Female,1,False
39.0,23.0,3904,0,13,5,2,3,Travel_Rarely,Research & Development,Medical,Research Scientist,Single,False,Male,1,True
44.0,10.0,2936,1,11,6,4,2,Travel_Rarely,Research & Development,Life Sciences,Research Scientist,Single,True,Male,1,True
45.0,1.0,2270,3,14,5,3,2,Travel_Rarely,Research & Development,Medical,Laboratory Technician,Divorced,False,Female,1,False
34.0,27.0,2311,2,15,3,2,2,Travel_Rarely,Research & Development,Medical,Research Scientist,Single,False,Female,1,False
44.0,29.0,4541,1,25,20,11,17,Travel_Rarely,Research & Development,Other,Research Scientist,Single,False,Male,2,False
36.0,7.0,4639,2,16,15,7,13,Travel_Frequently,Sales,Marketing,Sales Executive,Married,False,Female,2,False
36.0,9.0,3388,0,17,1,0,0,Travel_Rarely,Research & Development,Medical,Research Scientist,Married,True,Male,1,True
50.0,12.0,9208,4,11,2,2,1,Travel_Frequently,Sales,Marketing,Sales Executive,Single,False,Female,3,False
44.0,1.0,2436,6,12,4,3,2,Travel_Rarely,Research & Development,Medical,Research Scientist,Single,True,Male,1,False
33.0,8.0,7104,0,12,5,0,2,Travel_Rarely,Sales,Marketing,Sales Executive,Divorced,False,Male,2,False
37.0,8.0,4907,0,22,5,3,4,Travel_Rarely,Sales,Other,Sales Executive,Divorced,True,Female,2,False
37.0,10.0,3452,6,20,5,4,3,Travel_Rarely,Research & Development,Medical,Laboratory Technician,Married,False,Female,1,False
37.0,2.0,3977,6,19,2,2,2,Travel_Rarely,Research & Development,Other,Laboratory Technician,Divorced,True,Male,1,False
30.0,8.0,6118,1,13,10,9,2,Travel_Rarely,Sales,Marketing,Sales Executive,Divorced,False,Female,2,False
29.0,25.0,2546,5,16,2,2,1,Travel_Rarely,Research & Development,Technical Degree,Research Scientist,Married,False,Female,1,True
23.0,4.0,2819,2,16,3,2,2,Travel_Rarely,Research & Development,Medical,Research Scientist,Married,False,Male,1,False
29.0,7.0,3339,3,13,7,7,7,Travel_Rarely,Research & Development,Technical Degree,Laboratory Technician,Divorced,True,Female,1,True
27.0,15.0,4774,0,19,7,6,3,Travel_Frequently,Research & Development,Life Sciences,Research Scientist,Married,False,Female,1,False
46.0,10.0,7314,5,21,8,7,7,Travel_Rarely,Sales,Life Sciences,Sales Executive,Married,False,Female,3,True
32.0,6.0,3038,3,20,5,4,4,Travel_Rarely,Research & Development,Life Sciences,Research Scientist,Single,False,Male,1,False
30.0,8.0,9419,2,12,10,9,4,Travel_Rarely,Sales,Life Sciences,Sales Executive,Married,False,Female,3,False
38.0,7.0,4028,0,20,7,7,5,Travel_Rarely,Sales,Marketing,Sales Executive,Single,False,Female,2,False
33.0,2.0,5505,1,14,6,2,4,Travel_Rarely,Sales,Medical,Sales Executive,Divorced,False,Male,2,False
37.0,4.0,2875,1,20,8,5,2,Travel_Rarely,Research & Development,Life Sciences,Research Scientist,Single,True,Male,1,False
43.0,9.0,5679,3,13,8,7,7,Travel_Frequently,Research & Development,Medical,Laboratory Technician,Divorced,True,Male,2,False
32.0,1.0,6220,1,17,10,4,9,Travel_Rarely,Research & Development,Life Sciences,Research Scientist,Married,False,Male,2,False
31.0,2.0,3477,1,14,5,2,3,Travel_Rarely,Research & Development,Life Sciences,Laboratory Technician,Married,False,Male,1,False
52.0,11.0,3149,8,20,5,2,4,Travel_Rarely,Research & Development,Life Sciences,Laboratory Technician,Married,False,Female,2,False
44.0,28.0,13320,3,18,12,11,11,Travel_Rarely,Sales,Medical,Sales Executive,Married,True,Female,4,False
29.0,7.0,2532,6,14,4,3,3,Travel_Rarely,Research & Development,Medical,Laboratory Technician,Divorced,False,Female,1,False
37.0,12.0,2515,1,11,1,1,0,Travel_Rarely,Research & Development,Life Sciences,Laboratory Technician,Married,True,Female,1,True
33.0,14.0,2436,5,13,5,4,4,Travel_Rarely,Research & Development,Medical,Laboratory Technician,Married,True,Male,1,True
30.0,8.0,2422,0,17,3,2,2,Travel_Frequently,Research & Development,Medical,Laboratory Technician,Single,False,Female,1,True
30.0,8.0,2657,5,11,5,2,4,Travel_Rarely,Research & Development,Technical Degree,Research Scientist,Single,True,Female,1,True
37.0,21.0,2713,1,11,5,2,2,Travel_Rarely,Research & Development,Medical,Research Scientist,Married,False,Male,1,False
31.0,20.0,4559,3,11,2,2,2,Travel_Rarely,Sales,Life Sciences,Sales Executive,Married,True,Female,2,True
38.0,4.0,3306,7,19,0,0,0,Travel_Rarely,Research & Development,Medical,Laboratory Technician,Married,False,Female,1,False
37.0,1.0,2096,1,18,2,2,1,Travel_Rarely,Research & Development,Medical,Research Scientist,Single,False,Female,1,False
33.0,14.0,2756,1,13,8,7,6,Travel_Rarely,Research & Development,Medical,Research Scientist,Married,False,Female,1,False
27.0,2.0,2341,1,13,1,0,0,Travel_Rarely,Research & Development,Life Sciences,Laboratory Technician,Divorced,False,Female,1,False
37.0,7.0,2889,1,11,2,2,1,Travel_Rarely,Research & Development,Medical,Research Scientist,Married,False,Male,1,False
36.0,8.0,3419,9,14,1,1,0,Travel_Rarely,Research & Development,Life Sciences,Research Scientist,Married,True,Female,1,False
22.0,7.0,2472,1,23,1,0,0,Travel_Rarely,Research & Development,Life Sciences,Research Scientist,Single,True,Male,1,True
30.0,1.0,3748,1,13,12,8,7,Travel_Rarely,Research & Development,Medical,Laboratory Technician,Married,False,Male,1,False
37.0,25.0,3681,4,14,3,2,2,Travel_Rarely,Research & Development,Other,Laboratory Technician,Single,False,Male,2,False
52.0,6.0,5577,3,12,10,9,9,Travel_Rarely,Research & Development,Technical Degree,Research Scientist,Divorced,True,Male,2,False
52.0,8.0,8446,9,19,8,7,7,Travel_Rarely,Sales,Life Sciences,Sales Executive,Single,True,Male,3,True
34.0,6.0,2960,2,11,4,2,3,Travel_Rarely,Research & Development,Medical,Research Scientist,Single,False,Male,1,True
37.0,1.0,2194,4,13,3,2,2,Travel_Frequently,Research & Development,Medical,Research Scientist,Married,False,Male,1,False
40.0,10.0,6852,7,12,5,1,3,Travel_Rarely,Sales,Technical Degree,Sales Executive,Divorced,False,Female,2,False
41.0,4.0,9355,1,18,8,7,7,Travel_Frequently,Sales,Marketing,Sales Executive,Single,False,Male,2,True
37.0,6.0,2659,1,13,3,2,2,Travel_Rarely,Research & Development,Life Sciences,Laboratory Technician,Married,True,Female,1,False
22.0,11.0,2244,1,13,2,1,2,Travel_Rarely,Research & Development,Medical,Research Scientist,Married,False,Female,1,False
22.0,8.0,2451,1,15,4,3,1,Travel_Rarely,Research & Development,Life Sciences,Laboratory Technician,Married,False,Male,1,False
27.0,16.0,2811,9,14,2,2,2,Travel_Rarely,Research & Development,Technical Degree,Laboratory Technician,Married,False,Female,1,False
37.0,2.0,3485,2,11,0,0,0,Travel_Rarely,Research & Development,Life Sciences,Laboratory Technician,Single,False,Male,1,True
48.0,2.0,4051,2,14,9,7,7,Travel_Rarely,Sales,Marketing,Sales Executive,Married,False,Female,2,False
43.0,21.0,2258,7,20,3,2,2,Travel_Frequently,Research & Development,Medical,Laboratory Technician,Married,False,Male,1,False
33.0,2.0,2500,0,14,3,1,2,Travel_Rarely,Research & Development,Life Sciences,Research Scientist,Single,False,Male,1,False
60.0,7.0,5220,0,18,11,7,9,Travel_Rarely,Sales,Marketing,Sales Executive,Divorced,True,Male,2,False
38.0,29.0,2406,1,11,10,3,9,Travel_Frequently,Research & Development,Life Sciences,Laboratory Technician,Single,False,Female,2,False
46.0,2.0,10368,4,12,10,6,3,Travel_Rarely,Sales,Life Sciences,Sales Executive,Divorced,True,Male,3,False
37.0,9.0,2070,1,23,5,2,4,Travel_Rarely,Research & Development,Medical,Research Scientist,Married,False,Male,1,False
56.0,7.0,2339,8,11,10,9,8,Travel_Rarely,Research & Development,Technical Degree,Laboratory Technician,Married,False,Male,1,True
33.0,25.0,4539,1,12,10,7,1,Travel_Frequently,Sales,Medical,Sales Executive,Married,False,Female,2,False
40.0,22.0,6380,2,12,6,4,0,Travel_Rarely,Sales,Marketing,Sales Executive,Married,True,Male,2,True
54.0,7.0,6854,4,15,7,1,7,Travel_Rarely,Research & Development,Medical,Research Scientist,Married,False,Female,2,False
42.0,19.0,2759,6,12,2,2,2,Travel_Frequently,Research & Development,Medical,Research Scientist,Divorced,True,Male,1,True
27.0,8.0,3517,7,17,3,2,2,Travel_Rarely,Research & Development,Medical,Research Scientist,Married,False,Female,1,False
27.0,9.0,2279,1,16,7,7,3,Travel_Rarely,Research & Development,Medical,Research Scientist,Single,False,Female,1,False
37.0,19.0,3196,1,12,6,5,3,Travel_Rarely,Research & Development,Medical,Laboratory Technician,Married,False,Male,1,False
53.0,2.0,7525,2,12,15,7,12,Travel_Frequently,Sales,Marketing,Sales Executive,Married,False,Female,3,False
36.0,6.0,3038,3,12,1,0,0,Travel_Rarely,Research & Development,Life Sciences,Laboratory Technician,Married,False,Female,1,False
32.0,8.0,2432,3,14,4,1,3,Travel_Frequently,Research & Development,Life Sciences,Research Scientist,Single,True,Female,1,True
27.0,19.0,4066,1,11,7,7,7,Travel_Rarely,Research & Development,Other,Laboratory Technician,Divorced,False,Male,1,False
32.0,9.0,6322,1,12,6,4,5,Travel_Rarely,Research & Development,Life Sciences,Research Scientist,Married,True,Female,2,False
37.0,21.0,3564,1,12,8,7,7,Travel_Rarely,Research & Development,Life Sciences,Research Scientist,Married,True,Male,1,False
37.0,7.0,2690,1,18,1,0,1,Travel_Rarely,Research & Development,Life Sciences,Laboratory Technician,Married,False,Male,1,False
34.0,6.0,4505,6,15,1,0,0,Travel_Rarely,Research & Development,Life Sciences,Research Scientist,Divorced,False,Female,2,False
46.0,9.0,9619,1,16,9,8,7,Travel_Rarely,Sales,Medical,Sales Executive,Single,False,Male,3,True
37.0,4.0,2376,1,13,2,2,2,Travel_Frequently,Research & Development,Other,Laboratory Technician,Married,False,Male,1,False
29.0,24.0,1091,1,17,1,0,0,Travel_Frequently,Sales,Technical Degree,Sales Representative,Single,False,Male,1,True
22.0,6.0,2773,0,20,2,2,2,Travel_Rarely,Research & Development,Medical,Research Scientist,Married,False,Male,1,False
29.0,15.0,4193,0,12,9,5,8,Travel_Rarely,Research & Development,Life Sciences,Laboratory Technician,Single,True,Female,2,False
32.0,2.0,1393,1,12,1,0,0,Travel_Rarely,Research & Development,Life Sciences,Laboratory Technician,Single,False,Male,1,True
38.0,9.0,4771,2,19,5,2,3,Travel_Rarely,Research & Development,Life Sciences,Research Scientist,Divorced,False,Male,1,False
20.0,4.0,2973,1,19,1,0,0,Travel_Rarely,Research & Development,Technical Degree,Laboratory Technician,Single,False,Male,1,True
34.0,2.0,2231,6,18,4,3,2,Travel_Frequently,Sales,Marketing,Sales Representative,Married,False,Female,1,False
40.0,1.0,7457,2,22,4,3,2,Travel_Rarely,Sales,Medical,Sales Executive,Married,True,Male,2,False
37.0,18.0,5561,0,16,5,3,4,Travel_Rarely,Sales,Medical,Sales Executive,Married,False,Male,2,False
34.0,1.0,2996,5,14,4,3,3,Travel_Frequently,Research & Development,Other,Research Scientist,Divorced,False,Male,1,False
40.0,26.0,8396,1,14,7,7,5,Travel_Rarely,Sales,Marketing,Sales Executive,Married,False,Male,2,False
34.0,9.0,5346,4,17,7,1,7,Travel_Frequently,Research & Development,Life Sciences,Laboratory Technician,Married,False,Male,2,True
36.0,15.0,4834,7,14,1,0,0,Travel_Rarely,Research & Development,Other,Laboratory Technician,Divorced,False,Male,2,True
27.0,8.0,4647,1,20,6,5,4,Travel_Frequently,Sales,Medical,Sales Executive,Divorced,True,Female,2,False
54.0,8.0,3780,7,11,1,0,0,Travel_Rarely,Research & Development,Life Sciences,Laboratory Technician,Single,False,Female,2,False
29.0,1.0,2058,0,14,6,2,5,Travel_Rarely,Research & Development,Technical Degree,Research Scientist,Single,False,Male,1,True
37.0,24.0,1118,1,14,1,0,0,Travel_Frequently,Sales,Life Sciences,Sales Representative,Single,True,Male,1,True
38.0,8.0,2133,1,16,20,11,7,Travel_Frequently,Research & Development,Medical,Research Scientist,Divorced,True,Female,2,False
36.0,8.0,9278,3,16,5,4,1,Travel_Rarely,Sales,Marketing,Sales Executive,Single,True,Female,2,False
39.0,24.0,4108,7,13,7,7,7,Travel_Rarely,Research & Development,Life Sciences,Research Scientist,Single,False,Male,2,False
27.0,10.0,5769,1,11,6,2,4,Travel_Rarely,Sales,Marketing,Sales Executive,Married,True,Female,2,False
45.0,9.0,2348,8,18,17,9,15,Travel_Rarely,Research & Development,Life Sciences,Laboratory Technician,Divorced,False,Male,2,False
31.0,29.0,5468,1,14,12,7,7,Travel_Rarely,Sales,Marketing,Sales Executive,Married,False,Female,2,False
30.0,16.0,2862,1,12,10,0,8,Travel_Rarely,Research & Development,Life Sciences,Research Scientist,Married,False,Male,1,False
20.0,1.0,2836,1,13,1,0,0,Travel_Rarely,Research & Development,Life Sciences,Research Scientist,Single,False,Female,1,False
38.0,2.0,3057,6,13,1,0,1,Travel_Rarely,Research & Development,Medical,Research Scientist,Married,True,Male,1,False
50.0,1.0,4728,3,14,0,0,0,Travel_Frequently,Sales,Other,Sales Executive,Single,True,Male,2,True
27.0,8.0,2045,0,13,4,2,1,Travel_Rarely,Research & Development,Medical,Research Scientist,Single,False,Male,1,False
42.0,2.0,4841,4,14,1,0,0,Travel_Rarely,Research & Development,Medical,Laboratory Technician,Married,False,Male,1,False
37.0,10.0,3917,1,20,3,2,2,Travel_Rarely,Research & Development,Other,Laboratory Technician,Divorced,False,Male,1,False
41.0,12.0,4766,3,11,1,0,0,Travel_Rarely,Research & Development,Life Sciences,Laboratory Technician,Married,True,Male,1,False
32.0,25.0,2795,1,24,1,0,1,Travel_Rarely,Research & Development,Life Sciences,Laboratory Technician,Single,True,Male,1,True
31.0,9.0,2657,0,16,2,2,2,Travel_Rarely,Research & Development,Life Sciences,Research Scientist,Single,True,Male,1,False
32.0,8.0,6209,1,15,10,7,8,Travel_Rarely,Sales,Medical,Sales Executive,Married,False,Male,2,False
40.0,2.0,4327,5,12,0,0,0,Travel_Frequently,Sales,Medical,Sales Executive,Married,False,Male,2,False
32.0,2.0,4078,0,13,3,2,2,Travel_Rarely,Sales,Marketing,Sales Executive,Married,True,Male,2,False
27.0,2.0,3468,9,12,2,2,2,Travel_Rarely,Research & Development,Medical,Laboratory Technician,Married,False,Male,1,False
37.0,1.0,3229,4,11,3,2,2,Travel_Rarely,Research & Development,Technical Degree,Laboratory Technician,Married,False,Male,1,False
37.0,9.0,4189,1,14,5,2,3,Travel_Rarely,Sales,Marketing,Sales Executive,Married,False,Male,2,False
34.0,4.0,9713,2,13,5,3,0,Travel_Rarely,Sales,Life Sciences,Sales Executive,Married,True,Male,3,False
22.0,4.0,3894,5,16,2,2,2,Travel_Frequently,Research & Development,Technical Degree,Laboratory Technician,Single,False,Male,1,True
29.0,1.0,2362,6,13,9,7,7,Travel_Rarely,Research & Development,Technical Degree,Research Scientist,Single,False,Male,1,True
19.0,8.0,1483,1,14,1,0,0,Travel_Rarely,Research & Development,Medical,Laboratory Technician,Single,False,Female,1,False
34.0,1.0,3280,2,16,4,2,3,Travel_Rarely,Research & Development,Life Sciences,Research Scientist,Single,False,Female,1,False
48.0,1.0,5381,9,13,1,0,0,Travel_Rarely,Research & Development,Life Sciences,Laboratory Technician,Single,True,Male,3,True
27.0,6.0,2539,1,13,4,2,2,Travel_Rarely,Research & Development,Life Sciences,Research Scientist,Married,False,Male,1,False
34.0,7.0,2972,1,13,1,0,0,Travel_Rarely,Research & Development,Medical,Research Scientist,Single,False,Male,1,False
24.0,24.0,2400,0,13,2,2,1,Travel_Frequently,Sales,Medical,Sales Representative,Married,False,Male,1,False
31.0,1.0,2218,1,12,4,2,2,Travel_Rarely,Research & Development,Life Sciences,Laboratory Technician,Married,False,Male,1,False
27.0,2.0,4478,1,11,5,4,4,Travel_Rarely,Sales,Life Sciences,Sales Executive,Single,True,Male,2,False
38.0,2.0,3944,5,11,3,2,2,Travel_Rarely,Research & Development,Life Sciences,Research Scientist,Single,True,Male,1,False
40.0,10.0,9705,2,12,1,0,0,Travel_Rarely,Sales,Marketing,Sales Executive,Divorced,False,Male,3,False
43.0,2.0,2645,1,12,5,3,4,Travel_Rarely,Research & Development,Medical,Research Scientist,Divorced,False,Female,1,False
27.0,4.0,2517,1,11,5,3,3,Travel_Rarely,Research & Development,Life Sciences,Research Scientist,Divorced,False,Male,1,False
37.0,6.0,2703,1,14,3,1,2,Travel_Frequently,Research & Development,Life Sciences,Research Scientist,Divorced,True,Male,1,False
27.0,8.0,2379,0,14,5,4,2,Travel_Frequently,Research & Development,Life Sciences,Laboratory Technician,Single,True,Female,1,False
45.0,10.0,2654,3,21,2,2,2,Travel_Rarely,Research & Development,Life Sciences,Research Scientist,Married,False,Male,1,False
34.0,19.0,4444,4,13,11,8,10,Travel_Frequently,Research & Development,Medical,Laboratory Technician,Divorced,False,Female,2,False
23.0,10.0,2073,2,16,2,2,2,Travel_Rarely,Research & Development,Technical Degree,Research Scientist,Married,False,Male,1,False
32.0,8.0,8998,1,14,9,8,7,Travel_Frequently,Sales,Marketing,Sales Executive,Single,False,Female,3,False
37.0,4.0,4249,1,11,9,6,1,Travel_Frequently,Research & Development,Life Sciences,Research Scientist,Single,True,Male,2,False
19.0,9.0,2552,1,25,1,1,0,Travel_Rarely,Research & Development,Life Sciences,Research Scientist,Single,False,Male,1,False
45.0,9.0,10761,4,12,5,4,2,Travel_Rarely,Sales,Marketing,Sales Executive,Divorced,True,Male,3,False
37.0,1.0,4294,1,12,7,7,7,Travel_Frequently,Sales,Medical,Sales Executive,Single,False,Male,2,False
31.0,2.0,2785,7,14,1,0,0,Travel_Frequently,Sales,Life Sciences,Sales Representative,Single,False,Female,1,True
32.0,8.0,3312,3,17,3,2,2,Travel_Rarely,Research & Development,Other,Research Scientist,Married,False,Female,1,False
32.0,10.0,3433,6,13,5,2,3,Travel_Frequently,Research & Development,Life Sciences,Research Scientist,Married,False,Male,1,False
34.0,16.0,2553,1,16,5,2,3,Travel_Frequently,Research & Development,Life Sciences,Research Scientist,Single,False,Female,1,False
31.0,12.0,3929,8,23,4,2,2,Travel_Rarely,Research & Development,Medical,Research Scientist,Married,True,Female,1,False
36.0,2.0,6962,4,22,1,0,0,Travel_Rarely,Research & Development,Other,Research Scientist,Married,True,Female,2,False
24.0,29.0,3907,1,13,6,2,2,Travel_Rarely,Research & Development,Medical,Laboratory Technician,Divorced,False,Male,1,False
34.0,19.0,2929,1,12,10,9,7,Travel_Rarely,Research & Development,Life Sciences,Research Scientist,Married,False,Female,1,False
37.0,8.0,4851,0,22,3,2,2,Travel_Rarely,Sales,Life Sciences,Sales Executive,Married,False,Male,2,False
37.0,1.0,1563,1,14,1,0,0,Travel_Rarely,Research & Development,Life Sciences,Research Scientist,Divorced,False,Male,1,False
24.0,17.0,2127,1,21,1,0,0,Travel_Rarely,Research & Development,Other,Laboratory Technician,Married,False,Male,1,False
58.0,9.0,3346,4,20,1,0,0,Travel_Rarely,Research & Development,Medical,Research Scientist,Married,True,Female,1,False
32.0,8.0,3298,0,12,6,2,5,Travel_Rarely,Research & Development,Life Sciences,Research Scientist,Divorced,True,Male,1,False
29.0,2.0,3180,0,13,3,2,2,Travel_Frequently,Research & Development,Life Sciences,Laboratory Technician,Married,False,Female,1,False
44.0,9.0,2559,1,13,8,7,1,Travel_Rarely,Research & Development,Life Sciences,Research Scientist,Married,True,Male,1,False
23.0,8.0,3989,1,11,5,4,2,Travel_Rarely,Research & Development,Medical,Laboratory Technician,Single,True,Male,1,True
36.0,16.0,5647,4,13,3,2,2,Travel_Rarely,Sales,Marketing,Sales Executive,Married,False,Female,2,False
40.0,2.0,4661,1,13,9,8,8,Travel_Rarely,Research & Development,Life Sciences,Research Scientist,Single,False,Male,2,False
55.0,20.0,5415,3,19,10,7,8,Travel_Rarely,Research & Development,Technical Degree,Laboratory Technician,Married,True,Male,2,False
37.0,21.0,2377,1,20,1,1,0,Travel_Rarely,Research & Development,Medical,Laboratory Technician,Divorced,False,Male,1,True
59.0,8.0,2177,3,17,1,0,0,Travel_Rarely,Research & Development,Life Sciences,Research Scientist,Married,False,Male,1,False
32.0,16.0,3919,1,22,10,2,7,Travel_Frequently,Research & Development,Life Sciences,Research Scientist,Single,True,Female,1,True
29.0,18.0,2389,1,13,4,3,1,Travel_Rarely,Research & Development,Medical,Research Scientist,Single,True,Male,1,True
40.0,2.0,2345,2,14,3,1,2,Travel_Rarely,Research & Development,Medical,Research Scientist,Divorced,False,Male,1,False
36.0,2.0,2519,4,21,11,8,9,Travel_Rarely,Research & Development,Medical,Laboratory Technician,Single,False,Male,1,False
49.0,1.0,3580,2,16,4,2,2,Travel_Rarely,Research & Development,Technical Degree,Research Scientist,Married,False,Female,1,False
55.0,2.0,2662,8,20,5,2,4,Travel_Rarely,Research & Development,Technical Degree,Research Scientist,Married,False,Male,1,False
37.0,1.0,2596,1,15,1,0,0,Travel_Frequently,Research & Development,Medical,Laboratory Technician,Divorced,False,Male,1,True
22.0,19.0,2323,1,24,2,2,2,Travel_Rarely,Research & Development,Medical,Research Scientist,Married,False,Male,1,False
37.0,12.0,4581,3,24,11,9,7,Travel_Frequently,Sales,Other,Sales Executive,Single,True,Male,2,True
49.0,8.0,13120,6,17,9,8,3,Travel_Rarely,Sales,Technical Degree,Sales Executive,Married,False,Male,4,False
34.0,6.0,4809,1,14,16,13,10,Travel_Rarely,Research & Development,Other,Research Scientist,Single,False,Female,2,False
37.0,23.0,2705,0,16,5,4,3,Travel_Rarely,Research & Development,Medical,Laboratory Technician,Married,False,Male,1,False
37.0,1.0,7295,1,13,10,8,6,Travel_Rarely,Sales,Marketing,Sales Executive,Married,False,Male,3,False
41.0,1.0,8392,1,16,10,7,7,Travel_Rarely,Sales,Marketing,Sales Executive,Married,False,Male,3,False
36.0,18.0,2153,1,13,8,1,7,Travel_Frequently,Research & Development,Medical,Laboratory Technician,Single,False,Female,1,False
23.0,12.0,2647,1,13,5,2,4,Travel_Rarely,Research & Development,Other,Laboratory Technician,Single,False,Male,1,False
29.0,8.0,4723,1,18,10,9,5,Travel_Rarely,Research & Development,Medical,Laboratory Technician,Single,True,Male,1,False
43.0,2.0,5675,1,20,7,7,7,Travel_Frequently,Sales,Life Sciences,Sales Executive,Married,False,Male,2,False
24.0,9.0,3172,2,11,0,0,0,Travel_Frequently,Research & Development,Medical,Laboratory Technician,Single,True,Male,1,True
45.0,2.0,4805,0,19,8,7,7,Travel_Rarely,Sales,Other,Sales Executive,Married,False,Male,2,False
42.0,17.0,6545,3,13,3,2,2,Travel_Rarely,Research & Development,Life Sciences,Research Scientist,Single,True,Female,2,False
37.0,1.0,2044,1,11,5,3,3,Travel_Rarely,Research & Development,Life Sciences,Research Scientist,Married,False,Male,1,False
32.0,13.0,2743,1,20,2,2,2,Travel_Frequently,Research & Development,Other,Laboratory Technician,Married,False,Female,1,False
37.0,1.0,2867,0,13,7,7,6,Travel_Rarely,Research & Development,Medical,Laboratory Technician,Single,False,Male,1,False
30.0,8.0,3761,9,12,5,4,3,Travel_Frequently,Research & Development,Life Sciences,Research Scientist,Divorced,False,Male,1,False
23.0,26.0,2904,1,12,4,2,2,Travel_Rarely,Research & Development,Life Sciences,Research Scientist,Divorced,False,Male,1,False
32.0,2.0,2176,4,13,6,2,4,Travel_Rarely,Research & Development,Technical Degree,Laboratory Technician,Single,False,Male,2,False
40.0,26.0,5605,1,11,20,7,13,Travel_Frequently,Research & Development,Medical,Research Scientist,Divorced,False,Female,2,False
40.0,2.0,2809,2,14,2,2,2,Travel_Rarely,Research & Development,Life Sciences,Research Scientist,Single,False,Male,1,False
23.0,9.0,2500,1,14,4,3,2,Travel_Rarely,Research & Development,Medical,Laboratory Technician,Married,False,Male,1,False
40.0,7.0,2166,3,14,4,2,3,Travel_Rarely,Research & Development,Life Sciences,Laboratory Technician,Single,True,Male,1,True
30.0,2.0,2720,0,13,5,3,2,Travel_Rarely,Research & Development,Medical,Laboratory Technician,Single,False,Male,1,False
30.0,12.0,6577,0,11,5,4,4,Travel_Rarely,Sales,Technical Degree,Sales Executive,Single,False,Female,2,False
42.0,12.0,5087,3,12,0,0,0,Travel_Rarely,Sales,Marketing,Sales Executive,Divorced,True,Male,2,False
37.0,8.0,4908,1,14,4,2,2,Travel_Rarely,Sales,Medical,Sales Executive,Single,False,Male,2,False
37.0,24.0,2340,1,18,1,0,0,Travel_Rarely,Research & Development,Technical Degree,Laboratory Technician,Single,True,Male,1,True
49.0,25.0,3211,1,14,9,6,4,Travel_Rarely,Research & Development,Life Sciences,Laboratory Technician,Married,False,Female,1,False
37.0,17.0,2305,1,15,3,2,2,Travel_Rarely,Research & Development,Medical,Laboratory Technician,Married,False,Male,1,False
55.0,2.0,5160,4,16,9,7,3,Travel_Rarely,Sales,Medical,Sales Executive,Single,False,Male,2,True
30.0,18.0,2632,1,14,5,4,4,Travel_Rarely,Research & Development,Life Sciences,Research Scientist,Single,False,Female,1,False
37.0,18.0,4614,0,18,4,2,2,Travel_Frequently,Sales,Marketing,Sales Executive,Married,True,Female,2,True
33.0,9.0,2781,0,13,14,10,10,Travel_Rarely,Research & Development,Medical,Research Scientist,Married,False,Male,1,False
37.0,4.0,5828,1,12,8,7,4,Travel_Rarely,Sales,Marketing,Sales Executive,Single,True,Male,2,True
29.0,1.0,4787,9,14,2,2,2,Travel_Rarely,Research & Development,Medical,Research Scientist,Married,True,Male,1,True
56.0,14.0,4963,9,18,5,4,3,Travel_Rarely,Research & Development,Life Sciences,Research Scientist,Married,True,Female,1,True
55.0,22.0,3537,5,12,4,2,2,Travel_Rarely,Research & Development,Technical Degree,Research Scientist,Divorced,False,Male,1,False
34.0,10.0,3815,1,17,5,3,0,Travel_Frequently,Research & Development,Medical,Research Scientist,Divorced,True,Male,1,False
33.0,8.0,2911,1,13,2,2,2,Travel_Rarely,Research & Development,Life Sciences,Research Scientist,Married,False,Female,1,False
31.0,26.0,5617,1,11,10,7,8,Travel_Frequently,Sales,Marketing,Sales Executive,Married,True,Male,2,True
18.0,8.0,1569,1,12,0,0,0,Travel_Frequently,Sales,Medical,Sales Representative,Single,True,Female,1,True
36.0,2.0,7596,1,13,10,9,0,Travel_Rarely,Sales,Medical,Sales Executive,Married,False,Male,3,False
45.0,7.0,4477,4,19,3,2,2,Travel_Rarely,Research & Development,Medical,Research Scientist,Married,True,Female,1,False
54.0,8.0,5940,2,14,6,2,5,Travel_Rarely,Sales,Marketing,Sales Executive,Married,False,Female,2,False
32.0,8.0,6524,1,14,10,8,3,Travel_Frequently,Sales,Life Sciences,Sales Executive,Married,False,Male,2,False
49.0,8.0,5130,1,23,10,7,7,Travel_Frequently,Research & Development,Life Sciences,Research Scientist,Married,False,Male,2,False
37.0,18.0,4601,1,16,5,2,0,Travel_Rarely,Sales,Medical,Sales Executive,Married,False,Female,2,False
31.0,2.0,1129,1,11,1,0,0,Travel_Rarely,Research & Development,Medical,Laboratory Technician,Divorced,True,Female,1,False
32.0,2.0,9907,7,12,2,2,2,Travel_Rarely,Sales,Marketing,Sales Executive,Single,True,Male,2,True
42.0,8.0,2093,4,17,2,2,0,Travel_Frequently,Research & Development,Other,Laboratory Technician,Married,False,Male,1,False
37.0,24.0,2408,1,17,1,1,0,Travel_Rarely,Research & Development,Medical,Laboratory Technician,Married,True,Male,1,True
38.0,2.0,2468,4,14,6,1,5,Travel_Frequently,Research & Development,Medical,Laboratory Technician,Married,False,Female,1,False
21.0,18.0,2693,1,19,1,0,0,Travel_Rarely,Research & Development,Other,Research Scientist,Single,False,Female,1,True
31.0,16.0,8161,2,13,1,0,0,Travel_Rarely,Sales,Marketing,Sales Executive,Married,False,Male,3,True
52.0,8.0,4941,2,15,8,2,7,Travel_Rarely,Research & Development,Medical,Research Scientist,Married,False,Male,2,True
37.0,21.0,2973,5,15,5,4,0,Travel_Frequently,Sales,Medical,Sales Representative,Married,False,Female,1,False
33.0,8.0,3143,6,19,10,8,6,Travel_Rarely,Research & Development,Life Sciences,Research Scientist,Married,False,Male,1,False
42.0,2.0,2515,5,14,2,1,2,Travel_Frequently,Research & Development,Medical,Research Scientist,Single,True,Male,1,False
27.0,8.0,3445,1,11,6,2,4,Travel_Rarely,Research & Development,Medical,Research Scientist,Single,False,Female,1,False
49.0,11.0,4507,3,12,5,1,4,Travel_Rarely,Sales,Marketing,Sales Executive,Single,False,Female,2,False
41.0,8.0,4393,5,21,5,4,4,Travel_Rarely,Sales,Marketing,Sales Executive,Married,False,Female,2,False
37.0,10.0,6694,2,14,1,0,0,Travel_Rarely,Sales,Life Sciences,Sales Executive,Divorced,True,Female,2,False
31.0,1.0,1359,1,12,1,0,0,Travel_Frequently,Sales,Life Sciences,Sales Representative,Single,False,Female,1,True
53.0,6.0,2450,2,17,2,2,2,Travel_Rarely,Research & Development,Life Sciences,Laboratory Technician,Single,False,Male,2,False
37.0,10.0,2782,0,13,5,3,3,Travel_Rarely,Research & Development,Life Sciences,Research Scientist,Divorced,True,Female,1,False
30.0,29.0,9250,3,12,4,2,3,Travel_Rarely,Sales,Technical Degree,Sales Executive,Married,False,Male,3,False
41.0,9.0,2289,1,20,5,3,4,Travel_Rarely,Research & Development,Life Sciences,Laboratory Technician,Divorced,False,Male,1,False
37.0,1.0,2216,7,13,7,7,7,Travel_Rarely,Research & Development,Life Sciences,Research Scientist,Single,True,Female,1,True
34.0,8.0,8103,3,12,4,2,1,Travel_Rarely,Sales,Medical,Sales Executive,Married,True,Female,2,False
31.0,6.0,5460,4,22,7,7,7,Travel_Rarely,Sales,Medical,Sales Executive,Divorced,False,Male,2,False
47.0,1.0,3420,7,12,6,5,2,Travel_Rarely,Research & Development,Technical Degree,Research Scientist,Married,False,Male,1,False
37.0,26.0,6180,1,23,6,5,4,Travel_Rarely,Sales,Medical,Sales Executive,Single,False,Female,2,False
50.0,9.0,2380,4,18,1,0,0,Travel_Rarely,Research & Development,Life Sciences,Laboratory Technician,Married,False,Male,1,False
44.0,2.0,2011,1,13,10,5,7,Travel_Rarely,Research & Development,Life Sciences,Research Scientist,Married,False,Female,1,False
48.0,7.0,5486,4,11,2,2,2,Travel_Rarely,Sales,Marketing,Sales Executive,Divorced,False,Male,2,False
22.0,8.0,2328,1,16,4,2,2,Travel_Rarely,Research & Development,Life Sciences,Research Scientist,Divorced,True,Male,1,False
37.0,17.0,8966,3,15,7,7,7,Travel_Rarely,Sales,Life Sciences,Sales Executive,Married,True,Male,2,False
37.0,4.0,4487,1,11,5,4,3,Travel_Rarely,Sales,Life Sciences,Sales Executive,Single,True,Female,2,False
37.0,1.0,2933,1,13,1,0,0,Travel_Rarely,Research & Development,Life Sciences,Research Scientist,Married,True,Female,1,False
32.0,19.0,9610,3,13,4,3,2,Travel_Rarely,Sales,Life Sciences,Sales Executive,Married,False,Male,3,False
41.0,8.0,2127,2,12,4,2,3,Travel_Rarely,Research & Development,Medical,Research Scientist,Married,True,Male,1,False
37.0,2.0,4779,1,20,8,7,5,Travel_Rarely,Sales,Marketing,Sales Executive,Married,True,Female,2,False
41.0,1.0,4103,0,17,9,3,7,Travel_Frequently,Sales,Marketing,Sales Executive,Divorced,False,Female,2,False
37.0,14.0,3743,1,24,4,2,2,Travel_Rarely,Research & Development,Other,Laboratory Technician,Divorced,True,Male,1,True
58.0,10.0,13872,0,13,37,10,8,Travel_Rarely,Sales,Medical,Sales Executive,Single,False,Male,4,False
53.0,1.0,8381,7,20,14,7,10,Travel_Rarely,Sales,Medical,Sales Executive,Single,False,Female,2,False
49.0,8.0,4789,4,25,3,2,2,Travel_Rarely,Research & Development,Medical,Laboratory Technician,Married,False,Female,2,False
37.0,1.0,2909,3,15,3,2,2,Travel_Frequently,Sales,Technical Degree,Sales Representative,Married,False,Male,1,True
37.0,2.0,3867,1,12,2,2,2,Travel_Frequently,Research & Development,Life Sciences,Laboratory Technician,Married,True,Male,1,False
51.0,4.0,2461,9,12,10,0,7,Travel_Rarely,Research & Development,Life Sciences,Research Scientist,Married,True,Male,1,True
44.0,1.0,4768,7,12,1,0,0,Travel_Frequently,Sales,Marketing,Sales Executive,Married,False,Female,2,False
37.0,4.0,1951,1,12,1,0,0,Travel_Rarely,Research & Development,Other,Laboratory Technician,Divorced,False,Male,1,False
27.0,11.0,2099,0,14,5,0,4,Travel_Rarely,Research & Development,Life Sciences,Laboratory Technician,Married,False,Male,1,False
52.0,2.0,3212,7,15,2,2,2,Travel_Rarely,Research & Development,Life Sciences,Laboratory Technician,Single,False,Female,1,False
37.0,16.0,2373,2,13,3,2,2,Travel_Rarely,Research & Development,Medical,Laboratory Technician,Divorced,True,Male,1,True
37.0,23.0,2886,1,22,3,2,2,Travel_Rarely,Research & Development,Life Sciences,Research Scientist,Divorced,False,Female,1,False
40.0,2.0,3448,6,22,1,0,0,Travel_Rarely,Research & Development,Medical,Laboratory Technician,Married,False,Female,2,False
37.0,10.0,10306,9,17,13,12,0,Travel_Rarely,Sales,Medical,Sales Executive,Married,False,Male,3,True
21.0,8.0,3117,1,18,2,2,2,Travel_Rarely,Research & Development,Medical,Research Scientist,Single,False,Male,1,False
27.0,2.0,2226,1,11,5,3,2,Travel_Rarely,Research & Development,Technical Degree,Research Scientist,Married,False,Male,1,False
48.0,2.0,8120,3,12,2,2,2,Travel_Rarely,Sales,Marketing,Sales Executive,Married,False,Male,2,False
37.0,24.0,2028,5,14,4,2,3,Travel_Rarely,Research & Development,Life Sciences,Laboratory Technician,Single,True,Male,1,True
36.0,7.0,2013,2,11,4,3,3,Travel_Rarely,Research & Development,Life Sciences,Laboratory Technician,Single,False,Male,1,False
30.0,26.0,6696,5,15,6,3,1,Travel_Frequently,Sales,Marketing,Sales Executive,Single,False,Female,2,True
37.0,4.0,9582,0,22,8,7,7,Travel_Rarely,Sales,Technical Degree,Sales Executive,Single,True,Male,3,True
29.0,9.0,3983,0,17,3,2,2,Travel_Rarely,Research & Development,Other,Laboratory Technician,Single,False,Male,1,False
47.0,4.0,4163,1,17,9,0,7,Travel_Rarely,Sales,Life Sciences,Sales Executive,Single,True,Female,2,False
42.0,26.0,13525,5,14,20,4,8,Travel_Frequently,Sales,Marketing,Sales Executive,Married,False,Female,4,False
31.0,8.0,1261,1,12,1,0,0,Travel_Rarely,Research & Development,Life Sciences,Research Scientist,Single,False,Female,1,True
21.0,1.0,2070,1,11,2,2,2,Travel_Rarely,Research & Development,Technical Degree,Research Scientist,Single,True,Female,1,False
36.0,6.0,3210,0,11,15,13,11,Travel_Rarely,Research & Development,Life Sciences,Laboratory Technician,Married,False,Male,1,False
43.0,6.0,4081,1,14,20,7,8,Travel_Rarely,Research & Development,Medical,Research Scientist,Single,True,Female,2,False
56.0,6.0,13212,9,11,7,7,7,Travel_Frequently,Sales,Life Sciences,Sales Executive,Married,False,Female,4,False
30.0,8.0,7264,5,11,8,4,7,Travel_Rarely,Sales,Other,Sales Executive,Divorced,False,Male,3,False
23.0,10.0,3505,1,18,2,2,2,Travel_Rarely,Research & Development,Medical,Research Scientist,Single,False,Male,1,False
24.0,4.0,4162,1,12,5,4,3,Travel_Rarely,Sales,Medical,Sales Executive,Married,True,Female,2,False
29.0,9.0,2451,6,18,1,0,0,Travel_Rarely,Research & Development,Life Sciences,Research Scientist,Married,False,Male,1,False
29.0,27.0,7639,1,22,10,4,9,Travel_Rarely,Sales,Marketing,Sales Executive,Married,False,Female,3,True
24.0,1.0,2293,2,16,2,0,0,Travel_Rarely,Research & Development,Medical,Research Scientist,Married,True,Male,1,True
43.0,25.0,10798,5,13,1,0,0,Travel_Rarely,Sales,Medical,Sales Executive,Divorced,False,Male,3,False
37.0,6.0,6646,1,13,17,11,8,Travel_Rarely,Research & Development,Life Sciences,Research Scientist,Single,False,Male,2,False
34.0,28.0,6712,1,21,8,7,7,Travel_Rarely,Sales,Marketing,Sales Executive,Married,False,Female,2,False
37.0,17.0,2367,5,12,4,1,3,Travel_Rarely,Research & Development,Technical Degree,Laboratory Technician,Divorced,False,Male,1,True
51.0,21.0,5441,0,22,10,7,0,Travel_Rarely,Sales,Marketing,Sales Executive,Single,True,Male,2,False
33.0,10.0,5487,1,14,10,4,9,Travel_Rarely,Sales,Marketing,Sales Executive,Single,False,Male,2,False
59.0,8.0,5171,5,17,6,1,5,Travel_Rarely,Sales,Life Sciences,Sales Executive,Single,False,Female,2,False
37.0,13.0,9854,3,11,2,0,2,Travel_Rarely,Sales,Marketing,Sales Executive,Single,True,Female,2,True
20.0,9.0,2323,1,14,2,2,2,Travel_Frequently,Sales,Marketing,Sales Representative,Single,True,Female,1,True
34.0,19.0,2661,0,11,2,2,2,Travel_Rarely,Research & Development,Medical,Laboratory Technician,Divorced,False,Male,1,False
43.0,10.0,2455,0,19,8,7,7,Travel_Frequently,Research & Development,Life Sciences,Laboratory Technician,Single,False,Female,1,False
40.0,2.0,5715,7,12,5,4,3,Travel_Rarely,Sales,Marketing,Sales Executive,Divorced,False,Female,2,False
41.0,14.0,2451,4,12,9,8,8,Travel_Rarely,Research & Development,Life Sciences,Research Scientist,Divorced,False,Male,1,False
37.0,1.0,2258,6,12,8,0,7,Travel_Rarely,Research & Development,Medical,Laboratory Technician,Married,False,Male,1,False
53.0,8.0,11836,5,14,2,0,2,Travel_Rarely,Sales,Marketing,Sales Executive,Married,False,Male,4,False
31.0,15.0,2610,1,12,2,2,2,Travel_Frequently,Research & Development,Medical,Laboratory Technician,Married,False,Male,1,True
33.0,1.0,2686,1,13,10,9,8,Travel_Rarely,Research & Development,Other,Research Scientist,Single,True,Male,1,True
32.0,1.0,10422,1,19,14,10,7,Travel_Rarely,Sales,Marketing,Sales Executive,Married,False,Female,3,False
41.0,6.0,4721,2,13,18,13,17,Travel_Rarely,Research & Development,Medical,Laboratory Technician,Single,True,Male,1,False
55.0,13.0,13695,6,17,19,7,8,Travel_Rarely,Sales,Marketing,Sales Executive,Single,True,Male,4,True
23.0,20.0,2272,0,14,4,3,2,Travel_Rarely,Research & Development,Life Sciences,Laboratory Technician,Single,False,Male,2,False
24.0,23.0,2725,1,11,6,5,4,Travel_Rarely,Research & Development,Medical,Research Scientist,Married,True,Male,1,False
20.0,8.0,3033,1,12,2,2,2,Travel_Rarely,Research & Development,Life Sciences,Laboratory Technician,Single,False,Male,1,False
38.0,8.0,6861,8,12,1,0,0,Travel_Rarely,Sales,Life Sciences,Sales Executive,Single,True,Male,2,False
29.0,15.0,2340,1,19,6,5,5,Travel_Rarely,Research & Development,Life Sciences,Research Scientist,Single,False,Male,1,False
37.0,2.0,4930,0,14,5,4,4,Travel_Frequently,Research & Development,Medical,Research Scientist,Single,True,Male,1,False
30.0,4.0,2285,9,23,1,0,0,Travel_Frequently,Research & Development,Technical Degree,Research Scientist,Single,True,Male,1,True
29.0,10.0,8268,1,14,7,7,7,Travel_Rarely,Sales,Marketing,Sales Executive,Divorced,True,Female,2,False
37.0,1.0,2007,1,13,5,3,3,Travel_Frequently,Research & Development,Medical,Research Scientist,Divorced,False,Female,1,False
29.0,24.0,2439,1,24,1,0,0,Travel_Frequently,Research & Development,Life Sciences,Research Scientist,Single,True,Male,1,True
43.0,28.0,4739,4,12,3,2,2,Travel_Frequently,Research & Development,Medical,Research Scientist,Single,False,Female,1,False
24.0,17.0,2210,1,13,1,0,0,Travel_Rarely,Research & Development,Life Sciences,Laboratory Technician,Married,False,Female,1,True
53.0,24.0,10448,6,13,2,2,2,Travel_Rarely,Sales,Life Sciences,Sales Executive,Single,True,Male,3,True
51.0,9.0,2075,3,23,4,2,3,Travel_Rarely,Research & Development,Life Sciences,Laboratory Technician,Married,False,Male,1,False
43.0,10.0,5257,1,11,9,7,0,Travel_Frequently,Research & Development,Life Sciences,Laboratory Technician,Divorced,False,Female,2,False
23.0,4.0,3295,1,13,3,2,2,Travel_Rarely,Research & Development,Medical,Laboratory Technician,Single,False,Female,1,False
33.0,28.0,5207,1,12,15,14,7,Travel_Rarely,Research & Development,Life Sciences,Laboratory Technician,Married,True,Male,2,False
37.0,28.0,3407,1,17,10,9,8,Travel_Rarely,Research & Development,Life Sciences,Laboratory Technician,Married,False,Male,2,False
22.0,8.0,2853,0,11,0,0,0,Travel_Frequently,Research & Development,Life Sciences,Research Scientist,Married,True,Male,1,True
29.0,13.0,4025,4,13,4,3,3,Travel_Rarely,Research & Development,Other,Laboratory Technician,Married,True,Male,2,False
